Area,Area_A,Area_K,ELEV,ICON,NAME,Name_UC_N,P_1998,P_30_6_07,P_30_6_08,P_30_6_09,P_30_6_11,P_30_6_14,P_30_6_16,P_31_12_07,P_31_12_08,P_31_12_09,P_31_12_11,P_31_12_14,P_31_12_16,P_D_11,P_D_14,P_D_16,Town_Name,ZID,mean
12101848.3454,277.821321234,2689.29963231,0,0,Tajpura,Tajpura,38174,48105,49150,49751,51786,55091,57797,48622,49683,50142,52324,55870,58396,186.400380539,201.100476205,210.192650948,Aziz Bhatti Town,0,0.0820523508542696
7366820.42103,169.11960258,1637.07120467,0,0,Mian Meer,Mian Meer,33546,42273,43191,43720,45508,48412,50790,42728,43660,44063,45981,49096,51317,269.087671126,290.303425806,303.436143517,Aziz Bhatti Town,0,0.10460365422674411
10670292.7971,244.957196475,2371.17617713,0,0,Al-Faisal Town,Al-Faisal Town,31896,40194,41067,41569,43270,46030,48292,40626,41513,41896,43719,46681,48793,176.643105909,190.56798768,199.189902163,Aziz Bhatti Town,0,0.07197562910897229
45846952.3898,1052.50541272,10188.2116422,0,0,Guldasht Colony,Guldasht Colony,44547,56136,57356,58057,60432,64288,67446,56740,57978,58514,61059,65197,68145,57.4172819158,61.9445745476,64.7455102619,Aziz Bhatti Town,0,0.12502355059394565
22695106.2862,521.010033675,5043.35695249,0,0,Taj Bagh,Taj Bagh,36950,46563,47574,48156,50126,53324,55944,47063,48090,48535,50646,54078,56524,96.2092795919,103.794546179,108.489273424,Aziz Bhatti Town,0,0.07372218551186875
64894836.9178,1489.78642098,14421.0748706,0,0,Harbanspura,Harbanspura,38475,48590,49650,50742,52984,56102,58467,49117,50189,51302,53534,56684,59073,35.564829464,38.0484069406,39.6519925058,Aziz Bhatti Town,0,0.12537326290403444
2925190.08786,67.1533927608,650.042241747,0,0,Fateh Garh,Fateh Garh,31922,40314,41194,42100,43960,46547,48509,40752,41641,42564,44416,47030,49012,654.620685459,700.336916223,729.851433934,Aziz Bhatti Town,0,0.07412754940743392
25317197.8873,581.205214793,5626.04397496,0,0,Fateh Garh,Fateh Garh,31922,40314,41194,42100,43960,46547,48509,40752,41641,42564,44416,47030,49012,75.635935262,80.918062679,84.328217904,Aziz Bhatti Town,0,0.06396888954646451
15012948.5309,344.651253049,3336.21078464,0,0,Nabipura,Nabipura,40454,51089,52204,53352,55709,58988,61474,51643,52770,53941,56288,59600,62112,161.63875659,172.928429747,180.216956853,Aziz Bhatti Town,0,0.06120711074378057
9544215.47987,219.105914987,2120.9367733,0,0,Mustafa Abad,Mustafa Abad,38670,48730,0,50398,52459,55806,58548,49254,0,50794,53004,54595,59155,239.423020611,249.1717305,269.98358307,Aziz Bhatti Town,0,0.10320444424526476
13513400.4619,310.226228551,3002.97788042,0,0,Mughalpura,Mughalpura,33134,41845,0,43698,45629,48314,50351,42299,0,44180,46103,48816,50873,147.082985901,157.356134032,163.98677906,Aziz Bhatti Town,0,0.06940234688939795
1046109080.41,24015.4560345,232468.684536,0,0,Cantonment,Cantonment,565751,744967,744967,782554,0,834181,883265,754528,754528,791186,0,842841,892427,0.0,35.0957732716,37.1605269006,Cantonment,0,0.1710708472288752
5630741.05593,129.264544972,1251.27579021,0,0,Riwaz Garden,Riwaz Garden,32453,40985,41879,42800,44691,47321,49316,41429,42333,43273,45155,47812,49827,345.732853581,369.877138471,385.465326249,Data Gunj Baksh Town,0,0.05830383347588409
3094353.78101,71.0368723247,687.634173558,0,0,Islam Pura,Islam Pura,39957,50461,51563,52697,55025,58263,60719,51009,52122,53278,55596,58868,61349,774.59772931,828.696394894,863.621919045,Data Gunj Baksh Town,0,0.04600832490591942
17212073.4047,395.136415363,3824.90520104,0,0,Jinnah Hall,Jinnah Hall,42173,53260,54422,55620,58077,61495,64087,53838,55013,56233,58680,62133,64751,146.979619549,157.244428973,163.869988901,Data Gunj Baksh Town,0,0.08556129719516399
21999047.3845,505.030656128,4888.67719656,0,0,Anarkali,Anarkali,35931,45377,46367,47387,49481,52393,54601,45869,46870,47910,49994,52937,55167,97.9762305508,104.819379492,109.234953028,Data Gunj Baksh Town,0,0.10377210994190368
15545233.2669,356.870878053,3454.49628153,0,0,Mozang,Mozang,46003,58097,59365,60671,63351,67079,69907,58727,60009,61340,64009,67775,70632,177.517987306,189.914627861,197.920324531,Data Gunj Baksh Town,0,0.11008196631229882
24584384.2012,564.382060125,5463.19648916,0,0,Shadman,Shadman,37650,47548,48586,49655,51848,54899,57213,48064,49113,50202,52386,55469,57807,91.8668463496,98.2827129334,102.42529677,Data Gunj Baksh Town,0,0.14571294344636523
56463114.4395,1296.21993326,12547.3587643,0,0,Race Course,Race Course,35043,44256,45221,46216,48258,51098,53252,44736,45712,46726,48759,51628,53804,37.229793156,39.8296605964,41.5083880593,Data Gunj Baksh Town,0,0.1985248901797106
25956608.1596,595.884113553,5768.13514658,0,0,Qila Gujjar Singh,Qila Gujjar Singh,33355,42124,43043,43990,45933,48637,50687,42581,43510,44475,46410,49141,51212,77.0837801433,82.4673772674,85.9428852611,Data Gunj Baksh Town,0,0.15036047041899628
26702110.3745,612.998557927,5933.80230544,0,0,Kasur Pura,Kasur Pura,43563,55015,56216,57453,59991,63521,66199,55612,56826,58087,60614,64181,66885,97.8648305518,104.700083173,109.111186536,Data Gunj Baksh Town,0,0.1007415031938232
10370789.2823,238.081514361,2304.61984051,0,0,Sare Sultan,Sare Sultan,43204,54562,55753,56979,59497,62998,65653,55154,56358,57608,60114,63652,66334,249.901804261,267.353810189,278.618859503,Data Gunj Baksh Town,0,0.05518748259543292
9450678.54043,216.958593739,2100.15078676,0,0,Gawalmandi,Gawalmandi,38210,48255,49308,50393,52619,55716,58064,48779,49843,50949,53165,56294,58667,242.530148694,259.46886468,270.406435573,Data Gunj Baksh Town,0,0.0630325746638592
13693814.5473,314.367982616,3043.0698994,0,0,Bilal Gunj,Bilal Gunj,46076,58189,59459,60767,63452,67186,70018,58821,60104,61437,64110,67883,70744,201.839893083,215.934839913,225.03563948,Data Gunj Baksh Town,0,0.08031676677521962
8785754.19128,201.693970028,1952.38982028,0,0,Sanda Khurd,Sanda Khurd,41010,51791,52921,54086,56475,59799,62319,52353,53496,54682,57061,60419,62966,280.003413053,299.557790407,312.185832781,Data Gunj Baksh Town,0,0.04258760351590027
17648599.86,405.157723934,3921.91108,0,0,Sanda Kalan,Sanda Kalan,39142,49432,50511,51622,53903,57075,59481,49969,51059,52192,54462,57667,60097,133.042015037,142.332224202,148.32988846,Data Gunj Baksh Town,0,0.04616262498718459
18008016.2252,413.408821338,4001.78138338,0,0,Chohan Park,Chohan Park,40781,51502,52626,53784,56160,59465,61971,52061,53197,54377,56743,60082,62614,135.84615785,145.333134899,151.457822785,Data Gunj Baksh Town,0,0.05042061930752953
7288486.2994,167.321291401,1619.66362209,0,0,Ganj Kalan,Ganj Kalan,42103,53172,54332,55527,57980,61393,63980,53749,54921,56140,58582,62030,64644,346.518960704,370.723889833,386.34652804,Data Gunj Baksh Town,0,0.04850806267604521
29184295.4795,669.981914992,6485.39899544,0,0,Kareem Park,Kareem Park,35651,45023,46006,47018,49095,51985,54176,45512,46505,47537,49605,52524,54738,73.2780973656,78.3961459626,81.7007127732,Data Gunj Baksh Town,0,0.07202202568907985
8795089.35333,201.908276717,1954.46430074,0,0,Ameen Pura,Ameen Pura,39323,49661,50744,51861,54152,57339,59756,50200,51295,52433,54714,57934,60375,268.200991463,286.932269157,299.021917188,Data Gunj Baksh Town,0,0.038694515953863355
66433413.7019,1525.10742508,14762.9808226,0,0,Model Town,Model Town,33385,42162,43082,44030,45975,48680,50732,42619,43549,44515,46452,49186,51258,30.1454174597,32.2508429184,33.6094357401,Gulberg Town,0,0.19709684869030303
12892148.3562,295.964185605,2864.92185693,0,0,Bibi Pak Daman,Bibi Pak Daman,40683,51378,52499,53654,56025,59322,61822,51936,53069,54246,56606,59938,62463,189.296552505,202.517746792,211.049184456,Gulberg Town,0,0.11429868250502853
31270970.2149,717.885567015,6949.1044922,0,0,Zaman Park,Zaman Park,40078,50614,51719,52857,55192,58440,60903,51163,52280,53440,55765,59046,61535,76.8813339283,82.2498775752,85.717003973,Gulberg Town,0,0.21730982860080614
29717646.4353,682.226017132,6603.92143007,0,0,Railway Colony,Railway Colony,38311,48383,49438,50526,52758,55863,58218,48908,49975,51084,53306,56443,58822,77.3321431243,82.7335788765,86.2206930297,Gulberg Town,0,0.19661026778636856
12315391.991,282.723628391,2736.75377578,0,0,Garrhi Shahu,Garrhi Shahu,33112,41817,42729,43670,45599,48282,50317,42271,43193,44151,46072,48783,50839,161.284715606,172.546597105,179.818716565,Gulberg Town,0,0.11181288008249621
72162173.3762,1656.6221769,16036.038528,0,0,Al-Hamra,Al-Hamra,36078,45563,46557,47581,49683,52607,54825,46057,47062,48106,50199,53153,55393,29.9905438263,32.0851674819,33.4373164699,Gulberg Town,0,0.18667236098312978
38359286.8498,880.611576847,8524.28596662,0,0,Gulberg,Gulberg,42540,53721,54896,56104,58582,62030,64644,54306,55491,56722,59190,62673,65315,66.5242219615,71.1698570037,74.1700446795,Gulberg Town,0,0.140337750348017
20413316.7844,468.62714504,4536.29261876,0,0,Makkah Colony,Makkah Colony,38783,48979,50048,51149,53408,56551,58935,49510,50591,51713,53963,57138,59546,113.966936327,121.926355749,127.064769146,Gulberg Town,0,0.10979637254744248
10166518.1581,233.392075857,2259.22625736,0,0,Liaqatabad,Liaqatabad,41172,51996,53130,54299,56698,60035,62565,52560,53707,54898,57287,60658,63214,242.930269984,259.897427011,270.848955638,Gulberg Town,0,0.0779993302907986
13968292.6125,320.669157159,3104.065025,0,0,Pindi Rajputan,Pindi Rajputan,40127,50676,51782,52921,55259,58511,60977,51226,52344,53505,55833,59118,61610,172.324025452,184.358235522,192.129484937,Gulberg Town,0,0.0700300834746337
23122168.771,530.814078512,5138.25972689,0,0,Faisal Town,Faisal Town,32789,41409,42313,43244,45154,47811,49827,41858,42772,43721,45623,48307,50343,85.0655659446,91.0054988282,94.8411167638,Gulberg Town,0,0.09967908512924445
44707318.3875,1026.34291132,9934.95964167,0,0,Faisal Town,Faisal Town,32789,41409,42313,43244,45154,47811,49827,41858,42772,43721,45623,48307,50343,43.995042497,47.0671151593,49.0508576079,Gulberg Town,0,0.14545939637134445
40577358.0827,931.531689454,9017.19068504,0,0,Daras Barey Mian,Daras Barey Mian,42105,53174,54334,55530,57983,61395,64529,53751,54924,56142,58585,62033,65145,62.244796024,66.5924742038,69.9332086471,Gulberg Town,0,0.21255925386141813
34897528.4899,801.140222232,7755.00633109,0,0,Naseer Abad,Naseer Abad,36994,46719,47739,48789,50945,53943,56216,47226,48257,49327,51473,54503,56799,63.5906157078,68.0317858067,70.8977010813,Gulberg Town,0,0.1464422268920176
17768686.5322,407.914545618,3948.59700716,0,0,Kot Lakhpat,Kot Lakhpat,34067,43023,43962,44929,46914,49675,51769,43490,44439,45425,47401,50190,52305,115.009382489,123.040476343,128.225385836,Gulberg Town,0,0.07706922493876986
711969205.835,16344.6293324,158215.379074,0,0,Shamke Bhattian,Shamke Bhattian,33042,41888,42810,44486,46700,49313,51188,42350,43274,45217,47184,49715,51719,2.85720765214,3.04167191491,3.16428099703,Iqbal Town,0,0.2540725644569089
18210684.8677,418.061471778,4046.81885949,0,0,Awan Town,Awan Town,37507,47078,48092,49134,49482,52640,55226,47575,48613,49655,49996,53384,55798,118.360584125,127.694139747,133.46841019,Iqbal Town,0,0.04860906340808243
189987746.232,4361.53595467,42219.4991627,0,0,Hanjarwal,Hanjarwal,44336,56205,57443,59691,62662,66168,68685,56826,58066,60673,63312,66708,69397,14.3669571113,15.2946119654,15.911137893,Iqbal Town,0,0.17807348407819018
171887224.719,3946.00349563,38197.1610487,0,0,Niaz Beg,Niaz Beg,44448,56347,57588,59842,62820,66335,68858,56969,58212,60826,63472,66877,69573,15.9199048023,16.9480336432,17.6312565554,Iqbal Town,0,0.18592226078443314
95284824.0746,2187.44731899,21174.4053499,0,0,Johar Town,Johar Town,43487,54584,55759,56969,57372,61032,64031,55161,56364,57533,57967,61895,64695,26.2278316382,28.2955385772,29.5755694038,Iqbal Town,0,0.12061701063456529
177980918.667,4085.89601913,39551.3152593,0,0,Sabzazar,Sabzazar,31575,39633,40486,41364,41656,44314,46491,40051,40925,41728,42089,44941,46973,10.1950709967,10.9990562143,11.4963767507,Iqbal Town,0,0.17387472310338906
10698454.2868,245.603697906,2377.43428596,0,0,Saidpur,Saidpur,34838,43728,44669,45639,45961,48894,51296,44190,45154,46124,46438,49585,51828,187.134804532,201.89028269,211.02288134,Iqbal Town,0,0.05687136677652343
8462621.04095,194.275823956,1880.58245354,0,0,Raiwind,Raiwind,41287,52101,35132,35894,36803,39151,41075,52664,35513,36275,37185,39705,41501,189.436849375,204.374374492,213.618962745,Iqbal Town,0,0.038100983295999175
13319816.3138,305.782130239,2959.95918084,0,0,Bakar Mandi,Bakar Mandi,32563,40873,41752,42638,42960,45701,47946,41304,42205,43080,43406,46347,48443,140.492186271,151.568700119,158.423253714,Iqbal Town,0,0.06893790550300048
32022306.9132,735.133953233,7116.06820293,0,0,Town Ship,Town Ship,41658,52445,53581,54745,56131,59712,62645,53006,54163,54908,56713,60556,63295,76.3547918759,82.3741030239,86.0999546023,Iqbal Town,0,0.1298520291448104
43828927.5653,1006.1777521,9739.76168118,0,0,Township Sector A,Township Sector A,35047,44122,45078,45639,47223,50236,52704,44594,45567,46124,47713,50946,53250,46.933059195,50.6332006384,52.923054489,Iqbal Town,0,0.13654932786681523
366642745.74,8416.99293653,81476.16572,0,0,Ali Raza Abad,Ali Raza Abad,38190,48414,49480,51417,53976,56996,59164,48948,50017,52262,54536,57461,59777,6.41274151078,6.82678486644,7.10194251685,Iqbal Town,0,0.13549302046200581
333514138.067,7656.46171091,74114.2529038,0,0,Shahpur,Shahpur,36097,45761,46768,48599,51017,53872,55921,46266,47275,49398,51547,54312,56501,6.66326064523,7.09361609196,7.37951839026,Iqbal Town,0,0.1694378259949216
246536673.964,5659.72589792,54785.9275476,0,0,Chung,Chung,34917,44265,45239,47010,49350,52111,54093,44753,45730,47783,49862,52536,54654,8.71950353959,9.28242832737,9.65665139721,Iqbal Town,0,0.16649989506827925
1014944698.15,23300.0174,225543.266256,0,0,Maraka,Maraka,36543,46326,47346,49199,51648,54538,56612,46837,47859,50008,52184,54983,57199,2.21665070516,2.35978364548,2.4548908706,Iqbal Town,0,0.20387780332477032
221192766.626,5077.90751606,49153.9481391,0,0,Manga,Manga,44593,56531,57776,60037,63025,66552,69083,57155,58402,61024,63679,67095,69800,12.4116084826,13.2131197324,13.7458194698,Iqbal Town,0,0.23665311237283104
637489222.426,14634.797346,141664.27165,0,0,Sultanke,Sultanke,36399,46144,47159,49005,51444,54323,56389,46653,47671,49811,51978,54766,56974,3.51518362597,3.74217686144,3.89305014979,Iqbal Town,0,0.20211943973168803
47588253.9807,1092.48035662,10575.1675513,0,0,Dholanwal,Dholanwal,38482,48302,49342,50412,50769,54008,56661,48812,49877,50797,51296,54772,57249,46.4713161132,50.1354552218,52.4027728765,Iqbal Town,0,0.19371531315017051
783044379.85,17976.2973379,174009.862189,0,0,Paji,Paji,34915,44262,45237,47008,49347,51967,53731,44751,45727,47780,49859,52276,54288,2.74511480715,2.9080515869,3.01997674936,Iqbal Town,0,0.16650501583374397
4574160.52122,105.008696463,1016.48011583,0,0,Bostan Colony,Bostan Colony,37330,46996,48015,49057,50299,53508,56137,47499,48536,49578,50821,54265,56719,478.998422933,516.766723403,540.136216432,Nishtar Town,0,0.06536744634431939
17453040.1399,400.66827255,3878.45336442,0,0,Ismail Nagar,Ismail Nagar,34154,42998,43930,44887,46020,48956,51361,43458,44406,45368,46497,49648,51893,114.858108697,123.912980891,129.516119831,Nishtar Town,0,0.0634808294220489
26887579.2481,617.256354425,5975.01761069,0,0,Farid Colony,Farid Colony,34050,42867,43796,44746,45880,48807,51204,43326,44271,45221,46356,49497,51735,74.3289229363,80.1887249036,83.8144469945,Nishtar Town,0,0.1023153865209252
12087194.2377,277.484907866,2686.04316393,0,0,Green Town,Green Town,43985,55374,56575,57801,59266,63047,66145,55967,57188,58414,59881,63939,66831,213.582787099,230.42334263,240.845531074,Nishtar Town,0,0.12730006898813026
14668187.3451,336.736593619,3259.5971878,0,0,Maryam Colony,Maryam Colony,40554,51055,52161,53293,54643,58129,60985,51601,52727,53849,55210,58951,61618,162.272236031,175.065618401,182.985755536,Nishtar Town,0,0.09636912933492374
132589257.973,3043.84270733,29464.2795496,0,0,Chandrai,Chandrai,41513,52627,53785,55891,58672,61787,63885,53208,54369,56810,59281,62155,64547,19.2756346636,20.4199119259,21.2057606803,Nishtar Town,0,0.1670670926472149
686439265.011,15758.5401923,152542.058891,0,0,Haloke,Haloke,41302,52359,53512,55607,58374,61473,63560,52937,54092,56521,58980,61839,64219,3.70427712768,3.92415790076,4.07518711863,Nishtar Town,0,0.17455606122114994
10643295.5123,244.337421617,2365.17678051,0,0,Sittara Colony,Sittara Colony,34442,43360,44300,45262,46408,49369,51794,43825,44781,45743,46889,50067,52331,189.934066149,204.909258961,214.175133934,Nishtar Town,0,0.03657764123450416
90100259.7587,2068.42562353,20022.2799464,0,0,Attari Saroba,Attari Saroba,39859,50530,51642,53664,56334,59325,61340,51088,52202,54546,56919,59679,61976,27.2352069899,28.8523789887,29.9628854405,Nishtar Town,0,0.10207336383859072
429455360.511,9858.97792326,95434.524558,0,0,Kamahan,Kamahan,38287,48537,49605,51547,54113,56843,58558,49073,50144,52395,54674,57066,59166,5.48870282713,5.78822677606,6.00123060022,Nishtar Town,0,0.1709327993096588
176376498.036,4049.06344223,39194.7773413,0,0,Dullo Khurd Kalan,Dullo Khurd Kalan,39828,50491,51602,53622,56291,59279,61292,51048,52162,54504,56875,59632,61927,13.9022272195,14.7273563012,15.2941540392,Nishtar Town,0,0.15776983923589763
908496813.015,20856.3004365,201888.18067,0,0,Dhaloke,Dhaloke,34547,43796,44760,46512,48827,51290,52838,44279,45245,47277,49334,51491,53386,2.34111510566,2.46884629212,2.55970612634,Nishtar Town,0,0.25646126244477774
787824126.49,18086.0256611,175072.028109,0,0,Hair,Hair,35491,44992,45983,47783,50161,52692,54282,45489,46482,48569,50682,52898,54845,2.77346725809,2.92479956577,3.03245174079,Nishtar Town,0,0.25094222160995716
644748173.79,14801.4406058,143277.371953,0,0,Pandoki,Pandoki,39401,49949,51049,53047,55687,58644,60635,50501,51603,53919,56265,58993,61264,3.76226892254,3.98562555978,4.13905657102,Nishtar Town,0,0.23616168866770662
302180285.811,6937.13256509,67151.1746247,0,0,Gajju Matta,Gajju Matta,35906,45519,46520,48342,50748,53442,55256,46021,47025,49137,51274,53760,55829,7.31541447764,7.74959963581,8.04784966644,Nishtar Town,0,0.18494162566133587
606326894.675,13919.4058767,134739.309928,0,0,Jia Bagga,Jia Bagga,37671,47756,48807,50718,53242,56069,57972,48283,49337,51552,53795,56403,58574,3.82501957854,4.05211260449,4.20808190514,Nishtar Town,0,0.23271489075767068
8912328.44972,204.599726794,1980.51743327,0,0,Keer Kalan,Keer Kalan,36609,46089,0,48109,49328,52475,55053,46582,0,48620,49840,53217,55623,241.095141098,260.102986616,271.862533111,Nishtar Town,0,0.09177081114817959
186354203.904,4278.120967,41412.045312,0,0,Kahna Nau,Kahna Nau,38279,48191,0,50305,51578,54868,57564,48707,0,50840,52113,55644,58161,12.0562275817,13.0066448399,13.5949872499,Nishtar Town,0,0.19037685071718466
14358508.0165,329.627306032,3190.77955922,0,0,Fruit Mandi,Fruit Mandi,36101,45592,46587,47612,49715,52641,54860,46086,47092,48137,50231,53187,55429,150.821849678,161.354957635,168.156578614,Ravi Town,0,0.06840417248137758
14918410.9102,342.480959229,3315.20242449,0,0,Siddique Pura,Siddique Pura,33059,41750,42661,43600,45526,48205,50237,42203,43124,44081,45998,48705,50758,132.930017781,142.21228564,148.206779478,Ravi Town,0,0.04936793956880838
14648501.5806,336.284668842,3255.22257347,0,0,Bangali Bagh,Bangali Bagh,41758,52736,53887,55072,57505,60890,63456,53396,54471,55680,58102,61521,64114,171.000956416,182.94321954,190.653948694,Ravi Town,0,0.06401761793715302
22414259.5077,514.562653009,4980.94655727,0,0,Siddiqia Colony,Siddiqia Colony,46689,58963,60250,61576,64296,68080,70949,59603,60904,62255,64963,68786,71685,124.952713968,133.67857072,139.312481349,Ravi Town,0,0.05251696595879222
54667595.094,1255.000316,12148.3544653,0,0,Bhamman,Bhamman,35267,44538,45510,46512,48566,51425,53592,45022,46004,47025,49071,51958,54148,38.6979982242,41.4007863883,43.1458058693,Ravi Town,0,0.1328736994267471
16405485.8931,376.619639927,3645.6635318,0,0,Qila Lachhman Singh,Qila Lachhman Singh,32291,40780,41670,42587,44468,47085,49070,41223,42122,43057,44930,47574,49579,118.07137835,126.318425691,131.6420992,Ravi Town,0,0.1159583245067918
9617276.50193,220.783171973,2137.17255598,0,0,Androon Texali Gate,Androon Texali Gate,38424,48525,49584,50675,52914,56028,58390,49052,50122,51234,53463,56610,58995,239.665004933,256.405411219,267.207864951,Ravi Town,0,0.0875708213826165
4747875.44493,108.996658322,1055.08343221,0,0,Androon Bhatti Gate,Androon Bhatti Gate,42853,54119,55300,56516,59013,62486,65120,54706,55900,57140,59626,63135,65795,541.420268369,579.237941529,603.642359435,Ravi Town,0,0.05735854899564676
7994918.26011,183.538802568,1776.64850225,0,0,Rang Mahal,Rang Mahal,40923,51681,52809,53971,56355,59672,62187,52242,53382,54566,56940,60291,62832,307.046789079,328.491845628,342.336329544,Ravi Town,0,0.057917245136940396
5625479.92756,129.1437656,1250.10665057,0,0,Aandroon Dehli Gate,Aandroon Dehli Gate,38534,48564,49726,50820,53066,56188,58557,49192,50266,51381,53616,56772,59164,410.906401509,439.603102296,458.125095897,Ravi Town,0,0.03677060594344252
40224325.5171,923.427144511,8938.7390038,0,0,Faisal Park,Faisal Park,44034,55610,0,0,0,0,0,56214,0,0,0,0,0,0.0,0.0,0.0,Ravi Town,0,0.11561072939682418
13666857.7028,313.749136143,3037.07948951,0,0,Gulshan-e-Ravi,Gulshan-e-Ravi,36602,46224,47233,48272,50405,53371,55621,46726,47746,48805,50928,53925,56198,160.653828787,171.872983183,179.117624644,Samanabad,0,0.061769138357372855
8452618.14076,194.046188047,1878.35958684,0,0,Ichhra,Ichhra,34205,43197,44140,45111,47104,49876,51978,43666,44619,45609,47593,50394,52517,242.746330006,259.701056265,270.641750444,Samanabad,0,0.06284704137998617
16962766.6148,389.413096099,3769.50369218,0,0,Samanabad,Samanabad,36068,45550,46544,47568,49670,52593,54809,46044,47049,48093,50185,53138,55378,127.550923422,136.456633155,142.208879349,Samanabad,0,0.08188224888822003
3867066.95134,88.7759967781,859.348211409,0,0,New Samanabad,New Samanabad,34896,44070,45032,46022,48056,50884,53028,44548,45520,46530,48554,51412,53578,541.317492837,579.120504031,603.518990994,Samanabad,0,0.02594526397307747
17300166.1023,397.158753517,3844.48135607,0,0,Bahawalpur Hous,Bahawalpur House,30368,38351,39188,40051,41820,44281,46148,38768,39614,40492,42254,44741,46626,105.297943529,112.652685113,117.398898015,Samanabad,0,0.12755316427508315
13132639.5784,301.485126471,2918.36435076,0,0,Nawan Kot,Nawan Kot,46229,58382,59656,60969,63662,67409,70250,59016,60304,61641,64323,68109,70979,211.161329068,225.911642134,235.43118306,Samanabad,0,0.03961522812768725
18068004.9866,414.785979312,4015.11221924,0,0,Sham Nagar,Sham Nagar,41880,52890,54044,55233,57673,61067,63641,53464,54631,55842,58272,61701,64301,139.042790443,148.75382264,155.022115518,Samanabad,0,0.08088413071099226
11060720.7424,253.920224642,2457.93794276,0,0,Pakki Thatti,Pakki Thatti,41926,52948,54104,55294,57737,61135,63711,53523,54691,55904,58336,61769,64372,227.382439037,243.261442002,253.512693173,Samanabad,0,0.06168253583601235
74233072.2004,1704.16366239,16496.2382668,0,0,Muslim Town,Muslim Town,34742,43875,44833,45819,47844,50659,52794,44352,45319,46325,48340,51185,53342,28.0747683194,30.0352607731,31.3009842759,Samanabad,0,0.2332048336325835
59004640.3652,1354.56557356,13112.1423034,0,0,Sikandar Block,Sikandar Block,43083,54409,55597,56820,59330,62822,65470,65000,56200,57447,59946,63474,66148,43.8000205808,46.8593040005,48.8333686395,Samanabad,0,0.18424680363335558
24608669.9889,564.939587324,5468.59333087,0,0,Kashmir Block,Kashmir Block,45199,57081,58327,59611,62244,65907,68685,57701,58960,60268,62890,66591,69397,110.17815249,117.872780549,122.839683317,Samanabad,0,0.09853618473909485
23116771.5606,530.690175115,5137.0603468,0,0,Gulshan-e-Iqbal,Gulshan-e-Iqbal,43617,55084,56286,57524,60065,63600,66281,65681,56896,58159,60689,64260,66968,113.18280009,121.087600663,126.190389685,Samanabad,0,0.11944443711726367
6535224.98908,150.028721994,1452.2722198,0,0,Shah Kamal,Shah Kamal,40549,51209,52327,0,55840,59127,61619,51765,52894,0,56420,59740,62258,372.195398707,398.190421181,414.973874153,Samanabad,0,0.05755656722172637
199956473.407,4590.38735617,44434.7718682,0,0,Lakhodher,Lakhodher,39853,50522,51634,53656,56326,59454,61679,51080,52194,54538,56911,59919,62319,12.2704241777,13.0531467937,13.5759784882,Wagha Town,0,0.18773503929150065
47694293.7552,1094.91470461,10598.7319456,0,0,Abu Bakar Siddique C,Abu Bakar Siddique Coly.,35695,45079,46063,47076,49156,52049,54243,45568,46563,47595,49666,52589,54805,44.894821298,48.0302253487,50.0541272934,Samanabad,56,0.11432478984470472
13706486.6729,314.658895753,3045.88592731,0,81,Rehman Pura,Rehman Pura,39366,49715,50800,51918,54211,57402,59821,50255,51351,52490,54774,57997,60442,172.284975037,184.317051839,192.087370851,Samanabad,11,0.06958071572993804
7185546.11149,164.958100408,1596.78802478,0,81,Sodiwal,Sodiwal,31822,40188,41065,41968,43822,46401,48357,40624,41510,42431,44277,46883,48859,265.655338487,284.211565749,296.190365185,Samanabad,12,0.036801331133260826
17730798.9892,407.044763834,3940.17755316,0,81,Rashidpura,Rashidpura,41948,52976,54132,55323,57767,61166,63745,53551,54719,55933,58366,61801,64406,141.918052098,151.828510009,158.22829753,Aziz Bhatti Town,13,0.048185328077996394
483440835.1,11098.3188446,107431.296689,0,81,Bhangali,Bhangali,41507,52619,53777,55883,58664,61624,63483,53200,54361,56801,59273,61865,64141,5.28584561513,5.5742676766,5.77934378153,Aziz Bhatti Town,14,0.25986773231414956
7863526.55112,180.522451913,1747.45034469,0,81,Ghaziabad,Ghaziabad,40802,51417,52534,53176,55352,58883,61776,51970,53104,53594,55926,59716,62416,306.621139994,330.795418338,345.752006682,Aziz Bhatti Town,15,0.07150738117619634
9041342.47327,207.561493084,2009.18721628,0,81,Sultan Mehmood,Sultan Mehmood,34300,43085,44015,43917,45496,48399,50777,43542,44492,44052,45968,49083,51303,219.192873033,236.474498573,247.170124081,Wagha Town,16,0.09015701130003288
165144782.044,3791.21769111,36698.8404542,0,81,Muhammad,Muhammad,0,0,0,0,0,0,0,0,0,0,0,0,0,0.0,0.0,0.0,Wagha Town,17,0.20194481573735043
33432231.5313,767.501498178,7429.38478473,0,81,Darogha Wala,Darogha Wala,42124,52914,54054,53935,55874,59439,62359,53474,54641,54100,56454,60279,63006,72.799857893,78.5392603703,82.0923478971,Wagha Town,18,0.12941599352795133
67612531.3522,1552.17634993,15025.0069672,0,81,Muslim Abad,Muslim Abad,41370,51966,53087,52969,54874,58375,61243,52517,53663,53132,55443,59200,61878,35.3529416954,38.1399961433,39.8653155634,Wagha Town,19,0.15656089653487193
85399788.6215,1960.51722272,18977.7308048,0,81,Salamat Pura,Salamat Pura,43269,54352,55524,55401,57393,61055,64054,54928,56126,55571,57988,61918,64718,29.2744176562,31.5824820524,33.010676596,Wagha Town,20,0.08585091331353277
1464709569.15,33625.2393942,325491.015367,0,81,Hadiara,Hadiara,40525,51374,52505,54560,57276,60456,62719,51941,53075,55458,57870,60930,63369,1.70336333754,1.81203170885,1.88456650842,Wagha Town,22,0.28457584833468974
6756407.83299,155.106401715,1501.42396289,0,81,Gulgasht Colony,Gulgasht Colony,34114,43082,44023,44991,46979,49743,51840,43550,44500,45487,47466,50260,52378,302.882405114,324.035626153,337.690768536,Samanabad,23,0.032555622910343175
649291140.623,14905.7331909,144286.920138,0,81,Barki,Barki,39328,49857,50954,52949,55584,58670,60867,50407,51507,53819,56161,59130,61498,3.72903494837,3.9669299888,4.12579503553,Wagha Town,24,0.23687149623835566
1095308167.82,25144.9161862,243401.815071,0,81,Minhala,Minhala,38884,49294,50379,52351,54956,58008,60179,49838,50925,53212,55527,58462,60803,2.18557101535,2.32500277858,2.41810310879,Wagha Town,25,0.2797539175722997
132273319.926,3036.58973877,29394.0710947,0,81,Dograi Kalan,Dograi Kalan,42880,54360,55556,57731,60604,63969,66364,54960,56159,58680,61233,64471,67052,19.9579150342,21.2313830798,22.0813497273,Wagha Town,26,0.24370578285366096
1038350997.24,23837.354239,230744.666053,0,81,Bhaseen,Bhaseen,37259,47234,48273,50163,52660,55584,57664,47755,48797,50988,53206,56019,58262,2.20913778736,2.35005107691,2.44414709014,Wagha Town,27,0.2531110476096544
1540412.04582,35.3631360764,342.31378796,0,81,Mujahidabad,Mujahidabad,32395,40911,41804,42724,44611,47237,49228,41355,42258,43195,45074,47727,49738,1261.51141979,1349.62577688,1406.49290528,Shalamar Town,28,0.039569688771046226
11382585.1522,261.309244322,2529.46336716,0,81,Angori Bagh,Angori Bagh,33416,42201,43122,44070,46017,48725,50779,42659,43589,44556,46495,49231,51306,176.101691769,188.401294902,196.342077882,Shalamar Town,29,0.06744312966188369
14170232.1153,325.305068788,3148.94047007,0,81,Baghbanpura,Baghbanpura,37041,46779,47800,48851,51009,54011,56288,47286,48318,49390,51539,54572,56871,156.803581912,167.756377739,174.82359009,Shalamar Town,30,0.08234066219831694
7412873.31978,170.17683589,1647.30518217,0,81,Crown Park,Crown Park,31422,39683,40549,41441,43271,45818,47749,40113,40988,41898,43720,46293,48244,254.270798806,272.028797327,283.493342368,Shalamar Town,31,0.07093270085857398
50996142.9366,1170.71503493,11332.4762081,0,81,Muhammad Colony,Muhammad Colony,36968,46686,47705,48755,50909,53905,56177,47193,48223,49293,51437,54464,56759,43.4853901087,46.521995853,48.4823362702,Shalamar Town,32,0.1037503704362748
5949140.74003,136.574025176,1322.03127556,0,81,Madhu Lal Hussain,Madhu Lal Hussain,31987,40396,41278,42186,44049,46642,48608,40834,41725,42651,44507,47126,49112,322.528386662,345.058293034,359.599857562,Shalamar Town,33,0.06033631263295897
7605154.17315,174.591014551,1690.0342607,0,81,Rizwan Park,Rizwan Park,38539,48671,49733,50827,53072,56196,58564,49199,50272,51388,53623,56779,59172,303.978988475,325.211467188,338.917785386,Samanabad,34,0.03459459325542449
97740933.6735,2243.83206241,21720.207483,0,81,Gujjar Pura,Gujjar Pura,37880,47838,48882,49958,52165,55235,57563,48358,49413,50509,52706,55808,58160,23.2481747961,24.8717365862,25.9199433747,Shalamar Town,35,0.1283038661565051
6367573.26607,146.179952627,1415.01628135,0,81,Bhaghat Pura,Bhaghat Pura,31564,39862,40732,41628,43467,46025,47965,40295,41174,42087,43918,46503,48463,297.352675376,318.121597143,331.529728455,Shalamar Town,36,0.03940824500549952
16356882.306,375.503850636,3634.86273467,0,81,Shad Bagh,Shad Bagh,38666,48831,49897,50994,53247,56381,58757,49361,50438,51557,53800,56966,59367,141.801475297,151.705501564,158.09957714,Shalamar Town,37,0.049477814490131826
3695591.48966,84.8394460989,821.242553258,0,81,Begum Pura,Begum Pura,38020,48015,49063,50142,52358,55439,57776,48536,49595,50696,52901,56014,58375,617.142171567,660.235333629,688.064369632,Shalamar Town,38,0.07651439201349447
7235698.67667,166.109449485,1607.93303926,0,81,Rehmatpura,Rehmatpura,38711,48888,49955,51054,53309,56447,58826,49418,50497,51617,53863,57032,59436,320.926956084,343.339889313,357.812274884,Shalamar Town,39,0.06416977761603136
13541230.0239,310.86510994,3009.16222753,0,81,Chah Miran,Chah Miran,45783,57819,59081,60381,63048,66759,69573,58447,59722,61047,63703,67451,70294,202.814654923,216.978354416,226.12380017,Shalamar Town,40,0.14253075116435118
4614644.30207,105.938079906,1025.47651157,0,81,Bilal Park,Bilal Park,40144,50697,51804,52944,55283,56536,61003,51248,52366,53528,55856,59144,61636,521.842571142,558.288389335,581.811564403,Shalamar Town,41,0.09382657081388006
6170164.00578,141.648041472,1371.14755684,0,81,Makhanpura,Makhanpura,41393,52275,53416,54591,57003,60357,62901,52842,53995,55193,57594,60984,63554,402.427025518,430.531896991,448.675458831,Shalamar Town,42,0.04075620520249571
8996533.1974,206.532809542,1999.22959942,0,81,Kot Khawaja Saeed,Kot Khawaja Saeed,38731,48913,49981,51080,53337,56476,58856,49444,50523,51644,53890,57062,59467,258.249525188,276.285400497,287.930039454,Shalamar Town,43,0.052822556675898115
12919638.0241,296.595264069,2871.03067202,0,81,Wassanpura,Wassanpura,33528,42342,43266,44218,46172,48889,50950,42802,43736,44706,46651,49396,51478,155.673422989,166.54345495,173.563121992,Shalamar Town,44,0.04839588357990222
27487217.3953,631.022207175,6108.27053229,0,81,Babu Sabu,Babu Sabu,33069,41763,42674,43613,45540,48220,50252,42216,43137,44094,46012,48720,50773,72.1686170188,77.208059314,80.4615105819,Samanabad,45,0.0875981533104103
5564917.60436,127.753440406,1236.64835652,0,81,Faiz Bagh,Faiz Bagh,39093,49370,50448,51558,53835,57004,59406,49906,50995,52126,54394,57595,60022,421.397653393,450.829346098,469.826877533,Shalamar Town,46,0.052473004232390985
8055378.11917,184.9267755,1790.08402648,0,81,Farooq Ganj,Farooq Ganj,36982,46704,47724,48774,50928,53925,56198,47211,48241,49311,51457,54485,56781,275.395490254,294.630130508,307.045855564,Ravi Town,47,0.05201876737925933
27368448.3688,628.295634594,6081.87741529,0,81,Jia Musa,Jia Musa,41628,52572,53719,54901,57326,60700,63259,53142,54302,55506,57921,61330,63915,91.2404875088,97.6132836569,101.727588862,Ravi Town,48,0.05914069788473237
21445531.3653,492.32362598,4765.67363673,0,81,Kot Mohibbu,Kot Mohibbu,39531,49923,51013,52135,54438,57642,60072,50465,51566,52710,55004,58240,60695,110.573608755,118.296171312,123.282728671,Ravi Town,49,0.04255886827506807
12737036.7039,292.4032978,2830.45260087,0,81,Aziz Colony,Aziz Colony,41382,52261,53402,54576,56988,60341,62885,52828,53981,55178,57579,60968,63537,194.895202718,208.506540312,217.292350935,Ravi Town,50,0.05306831395229453
9154349.48044,210.155787373,2034.29988454,0,81,Qaiser Town,Qaiser Town,38852,49066,50137,51240,53503,56652,59040,49598,50681,51805,54059,57240,59652,254.587326235,272.369372814,283.8465728,Ravi Town,51,0.1161223390079503
17063324.5879,391.721598746,3791.84990842,0,81,Shahdara,Shahdara,35516,44853,45832,46840,48909,51788,53971,45340,46329,47357,49417,52325,54530,124.85653116,133.577010222,139.206007978,Ravi Town,52,0.13984639617306935
79882425.7235,1833.85549252,17751.6501608,0,81,Dhair,Dhair,35087,44311,45278,46274,48319,51162,53319,44792,45769,46785,48820,51693,53872,26.3483138105,28.1881534346,29.376360471,Ravi Town,53,0.20971318230663819
2842877.76895,65.2637543731,631.750615322,0,81,Kot Begum,Kot Begum,40169,50729,51836,52977,55317,58573,61041,51280,52399,53561,55891,59180,61674,847.591446912,906.782034967,944.996201834,Data Gunj Baksh Town,54,0.08080726235856302
61640370.2459,1415.07384775,13697.8600546,0,81,Kot Begum,Kot Begum,40169,50729,51836,52977,55317,58573,61041,51280,52399,53561,55891,59180,61674,39.0912460773,41.821138942,43.5835911306,Ravi Town,55,0.1801012025850374
